Słowo,Wartość,Ranga
de,442,1
în,313,2
și,238,3
a,205,4
i,179,5
din,166,6
la,150,7
o,138,8
cu,114,9
să,101,10
se,100,11
mai,97,12
pe,87,13
un,85,14
care,77,15
fost,59,16
al,58,17
ca,54,18
au,53,19
nu,50,20
că,49,21
îi,45,22
pentru,40,23
ce,36,24
este,34,25
sunt,27,26
ale,24,27
lor,23,28
prin,22,29
româniei,22,30
sau,22,31
lui,22,32
iar,22,33
era,21,34
ei,21,35
tsher,21,36
cele,20,37
până,20,38
româncua,20,39
mare,19,40
e,19,41
va,19,42
tefan,19,43
când,18,44
cel,18,45
castelul,18,46
dar,17,47
după,17,48
cea,17,49
bran,17,50
trei,16,51
îl,16,52
bucurești,16,53
spre,16,54
precum,15,55
unde,15,56
erau,15,57
parte,15,58
secolului,15,59
am,15,60
porni,15,61
anul,14,62
sub,14,63
însă,14,64
perioadă,14,65
românească,14,66
alex,14,67
doar,13,68
dintre,13,69
timpul,13,70
merse,13,71
zări,13,72
îhr,12,73
s-a,12,74
el,12,75
clădiri,12,76
cum,12,77
aa,12,78
spuse,12,79
miruna,12,80
timp,11,81
statului,11,82
național,11,83
peste,11,84
s-au,11,85
ea,11,86
fiind,11,87
secolul,11,88
împăratul,11,89
ion,11,90
bucătăria,11,91
puiul,11,92
drept,10,93
românia,10,94
ani,10,95
tot,10,96
dacia,10,97
cei,10,98
limba,10,99
între,10,100
ai,10,101
român,10,102
această,10,103
palatul,10,104
mult,10,105
cât,10,106
cartea,10,107
putea,10,108
zi,10,109
întrun,10,110
lângă,9,111
într-o,9,112
unei,9,113
nicolae,9,114
începutul,9,115
prima,9,116
dac,9,117
avea,9,118
perioada,9,119
multe,9,120
casa,9,121
odată,9,122
le,9,123
dacă,9,124
auzi,9,125
vor,9,126
nimic,9,127
fata,9,128
românești,8,129
vechi,8,130
unor,8,131
aceasta,8,132
unui,8,133
acestei,8,134
sec,8,135
imperiului,8,136
roman,8,137
regele,8,138
foarte,8,139
toate,8,140
numai,8,141
stilul,8,142
anii,8,143
face,8,144
împărat,8,145
bufniă,8,146
te,8,147
deodată,8,148
istoria,7,149
mod,7,150
teritoriul,7,151
culturii,7,152
europa,7,153
găsit,7,154
unul,7,155
printre,7,156
jumătate,7,157
atunci,7,158
regelui,7,159
către,7,160
săi,7,161
fie,7,162
transilvania,7,163
rămas,7,164
latină,7,165
alte,7,166
alături,7,167
prezent,7,168
despre,7,169
bine,7,170
țara,7,171
găsi,7,172
române,7,173
loc,7,174
case,7,175
art,7,176
mari,7,177
spațiul,7,178
apărut,7,179
fel,7,180
comuniste,7,181
asemenea,7,182
pui,7,183
legume,7,184
fi,7,185
carte,7,186
rubinul,7,187
nevoie,7,188
dădu,7,189
istoric,6,190
sa,6,191
acum,6,192
europei,6,193
înainte,6,194
sfârșitul,6,195
românesc,6,196
nou,6,197
cetate,6,198
dacilor,6,199
război,6,200
pod,6,201
orașe,6,202
noi,6,203
urma,6,204
două,6,205
rom,6,206
română,6,207
construite,6,208
cunoscut,6,209
xix-lea,6,210
nr,6,211
biblioteca,6,212
arhitecți,6,213
comunist,6,214
intră,6,215
ales,6,216
mâncare,6,217
carne,6,218
grâu,6,219
mic,6,220
argint,6,221
ajunse,6,222
toi,6,223
doi,6,224
vă,6,225
fu,6,226
drum,6,227
popoarelor,5,228
culturale,5,229
începând,5,230
astfel,5,231
epoca,5,232
cultura,5,233
câteva,5,234
arhitectură,5,235
acestea,5,236
doua,5,237
află,5,238
istorice,5,239
importante,5,240
burebista,5,241
nord,5,242
est,5,243
sud,5,244
dunării,5,245
acesta,5,246
urmă,5,247
târziu,5,248
avut,5,249
dunăre,5,250
romană,5,251
încât,5,252
populației,5,253
important,5,254
ci,5,255
latine,5,256
constantin,5,257
bază,5,258
stil,5,259
construcții,5,260
c,5,261
apar,5,262
una,5,263
dimitrie,5,264
mondial,5,265
dat,5,266
acel,5,267
puțin,5,268
mihai,5,269
deschis,5,270
personalități,5,271
casă,5,272
noapte,5,273
familia,5,274
dată,5,275
feluri,5,276
bucătăriile,5,277
fără,5,278
maria,5,279
ileana,5,280
habsburg,5,281
ilinca,5,282
lac,5,283
faa,5,284
voi,5,285
mă,5,286
vru,5,287
eu,5,288
aeză,5,289
bibliotecă,5,290
regatul,5,291
nici,5,292
visul,5,293
opri,5,294
drumul,5,295
astăzi,4,296
arheologice,4,297
oase,4,298
venit,4,299
probabil,4,300
istorie,4,301
încă,4,302
diferite,4,303
conducerea,4,304
capitala,4,305
cca,4,306
cetatea,4,307
statul,4,308
regionale,4,309
dhr,4,310
provincii,4,311
liberi,4,312
împăratului,4,313
romanizarea,4,314
armata,4,315
cauza,4,316
celelalte,4,317
căci,4,318
deși,4,319
perioade,4,320
acest,4,321
cuvintelor,4,322
stânga,4,323
dumnezeu,4,324
mediu,4,325
exemple,4,326
biserica,4,327
primele,4,328
țară,4,329
arhitectura,4,330
sale,4,331
elemente,4,332
muzeului,4,333
vasile,4,334
iași,4,335
strada,4,336
centrală,4,337
regat,4,338
constanța,4,339
români,4,340
perioadei,4,341
deco,4,342
moment,4,343
dreapta,4,344
trebuie,4,345
locul,4,346
cărturești,4,347
atât,4,348
altă,4,349
partea,4,350
moldova,4,351
xvii-lea,4,352
său,4,353
baza,4,354
acolo,4,355
eminescu,4,356
creangă,4,357
alimentația,4,358
scrise,4,359
rândul,4,360
nouă,4,361
piatră,4,362
proprietatea,4,363
redeschide,4,364
si,4,365
ingineria,4,366
informatică,4,367
niciodată,4,368
frumoasă,4,369
soarele,4,370
ochii,4,371
întro,4,372
vrei,4,373
sămi,4,374
cristal,4,375
ou,4,376
nespus,4,377
zile,4,378
copii,4,379
oamenii,4,380
dena,4,381
poveste,4,382
vadă,4,383
ajutorul,4,384
calul,4,385
împărăteasa,4,386
speriată,4,387
cufăr,4,388
arici,4,389
bucurară,4,390
gândi,4,391
aminti,4,392
dus,3,393
stat,3,394
locuit,3,395
aparținând,3,396
zona,3,397
unele,3,398
țării,3,399
trăiau,3,400
triburilor,3,401
triburile,3,402
pământul,3,403
mână,3,404
mijlocul,3,405
europeană,3,406
balcani,3,407
muzeul,3,408
primul,3,409
râului,3,410
km,3,411
întreg,3,412
munții,3,413
apoi,3,414
cezar,3,415
deceneu,3,416
sat,3,417
apărare,3,418
urmat,3,419
decebal,3,420
posibil,3,421
imperiul,3,422
final,3,423
acestor,3,424
arhitect,3,425
ocupat,3,426
romane,3,427
administrația,3,428
proces,3,429
vieții,3,430
limbii,3,431
populațiilor,3,432
aproximativ,3,433
romanizare,3,434
capul,3,435
altfel,3,436
daciei,3,437
diverse,3,438
albaneze,3,439
exemplu,3,440
latin,3,441
lat,3,442
soare,3,443
etc,3,444
respectiv,3,445
alb,3,446
păstrat,3,447
sl,3,448
realizat,3,449
scris,3,450
ar,3,451
mijloc,3,452
brâncovenesc,3,453
popular,3,454
brâncoveanu,3,455
artă,3,456
palatului,3,457
rezultatul,3,458
calea,3,459
victoriei,3,460
alexandru,3,461
neoclasice,3,462
rar,3,463
folosesc,3,464
bulevardul,3,465
patru,3,466
reprezentative,3,467
alecsandri,3,468
beaux-arts,3,469
verona,3,470
necunoscut,3,471
orașele,3,472
înlocuite,3,473
obicei,3,474
ornamente,3,475
eclectic,3,476
nouveau,3,477
vechiul,3,478
clădirea,3,479
are,3,480
intrarea,3,481
mincu,3,482
interbelică,3,483
bucureștiul,3,484
devine,3,485
neoromânești,3,486
rezultat,3,487
celui,3,488
de-al,3,489
doilea,3,490
aproape,3,491
gheorghe,3,492
zonele,3,493
punct,3,494
demolate,3,495
puternic,3,496
oameni,3,497
folosit,3,498
blocuri,3,499
bucureștiului,3,500
își,3,501
devenit,3,502
lucru,3,503
același,3,504
intrat,3,505
il,3,506
influențe,3,507
special,3,508
l-a,3,509
jurul,3,510
moderne,3,511
ajunge,3,512
domeniul,3,513
mircea,3,514
preparate,3,515
număr,3,516
porc,3,517
maghiară,3,518
ingrediente,3,519
curte,3,520
țăranii,3,521
anului,3,522
preferată,3,523
căreia,3,524
brașov,3,525
ungariei,3,526
brașovului,3,527
reginei,3,528
arhiducele,3,529
iunie,3,530
luna,3,531
mine,3,532
barbă,3,533
roie,3,534
sticlă,3,535
toată,3,536
soie,3,537
nimeni,3,538
prinesă,3,539
răspunse,3,540
luă,3,541
cuvântul,3,542
neagră,3,543
aveau,3,544
înali,3,545
încercând,3,546
cuib,3,547
seară,3,548
căzu,3,549
oul,3,550
noaptea,3,551
hotărî,3,552
nite,3,553
inu,3,554
nopi,3,555
încălecat,3,556
spus,3,557
interzis,3,558
copiii,3,559
deschidă,3,560
înăuntru,3,561
ziarul,3,562
zadar,3,563
acelai,3,564
vis,3,565
duse,3,566
visat,3,567
minune,3,568
tuturor,3,569
citi,3,570
zori,3,571
citească,3,572
privirea,3,573
cale,3,574
hartă,3,575
ne,3,576
muni,3,577
căută,3,578
tare,3,579
tatăl,3,580
răsplată,3,581
ziseră,3,582
vreodată,3,583
gândească,3,584
sosi,3,585
luară,3,586
bun,3,587
porniră,3,588
castor,3,589
întoarse,3,590
ochilor,3,591
văzu,3,592
comoară,3,593
ac,3,594
butelcuă,3,595
scutură,3,596
bea,3,597
înțelege,2,598
identitate,2,599
specifică,2,600
unitar,2,601
superior,2,602
popoarele,2,603
apropiat,2,604
găsite,2,605
oamenilor,2,606
provenind,2,607
folosind,2,608
date,2,609
descoperiri,2,610
apogeul,2,611
indo-europene,2,612
neoliticului,2,613
triburi,2,614
presupuse,2,615
ipoteza,2,616
curând,2,617
lucrate,2,618
mileniului,2,619
omenească,2,620
viață,2,621
aducea,2,622
civilizația,2,623
reprezintă,2,624
apariția,2,625
vi,2,626
dezvoltat,2,627
dobrogea,2,628
munteniei,2,629
nord-estul,2,630
cultural,2,631
cuprinde,2,632
vina,2,633
evidențiate,2,634
ii,2,635
istoricul,2,636
herodot,2,637
stăpânirea,2,638
format,2,639
argedava,2,640
județul,2,641
situată,2,642
malul,2,643
centrul,2,644
actualei,2,645
soarelui,2,646
vestic,2,647
mării,2,648
vest,2,649
mijlocie,2,650
ulterior,2,651
asasinat,2,652
luni,2,653
aceeași,2,654
preluată,2,655
preot,2,656
om,2,657
mutată,2,658
sarmizegetusa,2,659
ridicată,2,660
domniei,2,661
continuare,2,662
scorilo,2,663
duras,2,664
planurile,2,665
înfăptuirea,2,666
noul,2,667
serie,2,668
traian,2,669
primului,2,670
oltenia,2,671
dacii,2,672
proprii,2,673
germanice,2,674
considerat,2,675
aurelian,2,676
retragerea,2,677
fapt,2,678
strategică,2,679
sudul,2,680
aureliană,2,681
pătruns,2,682
veteranii,2,683
dreptul,2,684
învățământul,2,685
civilizației,2,686
retras,2,687
centre,2,688
urbane,2,689
continuat,2,690
secole,2,691
jumătatea,2,692
apare,2,693
faptul,2,694
româna,2,695
continuatoarea,2,696
militare,2,697
militară,2,698
scurtă,2,699
militar,2,700
cucerirea,2,701
influențat,2,702
arată,2,703
aceea,2,704
deoarece,2,705
principale,2,706
regiuni,2,707
frontieră,2,708
deci,2,709
cuvintele,2,710
comune,2,711
evoluțiile,2,712
trecerea,2,713
l,2,714
cf,2,715
substratul,2,716
cazul,2,717
românilor,2,718
jos,2,719
permis,2,720
interiorul,2,721
carpatic,2,722
carpați,2,723
procesului,2,724
greu,2,725
cadrul,2,726
menținut,2,727
ambele,2,728
creștinismului,2,729
nordul,2,730
deus,2,731
romanitatea,2,732
consolidat,2,733
deplin,2,734
latinitatea,2,735
trebui,2,736
occidentale,2,737
și-au,2,738
evului,2,739
epocă,2,740
notabile,2,741
inspirație,2,742
neoromânesc,2,743
încercărilor,2,744
specific,2,745
secol,2,746
ioan,2,747
cuza,2,748
ele,2,749
arăta,2,750
neogotică,2,751
cunoscute,2,752
tip,2,753
sedii,2,754
ateneul,2,755
teatrul,2,756
interior,2,757
stucaturi,2,758
arthur,2,759
ludovic,2,760
xvi-lea,2,761
orașelor,2,762
ferestre,2,763
stradă,2,764
fațadă,2,765
numite,2,766
instituții,2,767
medicină,2,768
xx,2,769
acea,2,770
există,2,771
clasicist,2,772
școala,2,773
dau,2,774
întâlnit,2,775
europene,2,776
grădină,2,777
vin,2,778
străini,2,779
inspirat,2,780
pionier,2,781
cerchez,2,782
petre,2,783
antonescu,2,784
ministerului,2,785
piața,2,786
sfântul,2,787
ștefan,2,788
bloc,2,789
construirea,2,790
puține,2,791
publice,2,792
regim,2,793
inclusiv,2,794
sute,2,795
cantacuzino,2,796
interbelice,2,797
decembrie,2,798
celei,2,799
curentul,2,800
cheamă,2,801
modernism,2,802
modernismul,2,803
măsură,2,804
spatele,2,805
lipsei,2,806
suferă,2,807
conducătorul,2,808
ceaușescu,2,809
asemănătoare,2,810
vedere,2,811
vestul,2,812
sistematizare,2,813
etaje,2,814
regimul,2,815
distruse,2,816
procesul,2,817
propune,2,818
satele,2,819
caselor,2,820
blocurile,2,821
librăriei,2,822
carusel,2,823
fostă,2,824
bancă,2,825
lipscani,2,826
transformată,2,827
librărie,2,828
racoviță,2,829
dictaturii,2,830
oraș,2,831
tendințele,2,832
clienții,2,833
celor,2,834
ori,2,835
retrocedare,2,836
înapoi,2,837
xix,2,838
posesia,2,839
familii,2,840
chrissoveloni,2,841
comunistă,2,842
imobilul,2,843
actual,2,844
importantă,2,845
străzii,2,846
sturdza,2,847
renovate,2,848
restaurante,2,849
caragiale,2,850
antichitate,2,851
evul,2,852
slave,2,853
polonia,2,854
otoman,2,855
franceză,2,856
bizantine,2,857
românii,2,858
general,2,859
istoriei,2,860
alți,2,861
deosebit,2,862
deja,2,863
științifice,2,864
crescut,2,865
semnificativ,2,866
brașovul,2,867
reprezentanții,2,868
introducerea,2,869
literar,2,870
tipărit,2,871
publicat,2,872
dramaturg,2,873
grigorescu,2,874
fondatorii,2,875
națională,2,876
xx-lea,2,877
seamă,2,878
mișcării,2,879
sursele,2,880
mihail,2,881
aparte,2,882
d,2,883
george,2,884
tudor,2,885
ivit,2,886
marin,2,887
eugen,2,888
față,2,889
in,2,890
emil,2,891
gătite,2,892
pește,2,893
vânat,2,894
având,2,895
influențată,2,896
turcească,2,897
precădere,2,898
antice,2,899
rafinată,2,900
tehnici,2,901
cărnuri,2,902
mâncăruri,2,903
varză,2,904
majoritatea,2,905
mei,2,906
locală,2,907
formă,2,908
aceștia,2,909
făceau,2,910
brânză,2,911
fructe,2,912
oi,2,913
scos,2,914
direct,2,915
medievală,2,916
obiceiurile,2,917
adus,2,918
afle,2,919
finalul,2,920
alimentare,2,921
mămăligă,2,922
porumbului,2,923
permite,2,924
început,2,925
afectată,2,926
boierești,2,927
grâne,2,928
spirit,2,929
creșterea,2,930
împreună,2,931
autohtone,2,932
pepeni,2,933
boierii,2,934
bucate,2,935
cluj,2,936
publicată,2,937
rețete,2,938
transilvaniei,2,939
oară,2,940
abia,2,941
făcut,2,942
standardizarea,2,943
preparatelor,2,944
ziua,2,945
înaintea,2,946
scaunul,2,947
vama,2,948
veche,2,949
regal,2,950
sigismund,2,951
rege,2,952
aferent,2,953
trecut,2,954
fiica,2,955
principesa,2,956
fostei,2,957
războiului,2,958
muzeu,2,959
restaurare,2,960
moștenitorilor,2,961
ministerul,2,962
data,2,963
principesei,2,964
dominic,2,965
arhiducesa,2,966
magdalena,2,967
holzhausen,2,968
sandhofer,2,969
îmbrăcat,2,970
cheie,2,971
fusese,2,972
castelului,2,973
redeschiderea,2,974
academia,2,975
știință,2,976
tehnologie,2,977
agh,2,978
fac,2,979
mediului,2,980
aplicată,2,981
povestea,2,982
împărăie,2,983
nume,2,984
munii,2,985
dragonilor,2,986
flori,2,987
muli,2,988
lumea,2,989
cere,2,990
părul,2,991
bunătatea,2,992
facă,2,993
ia,2,994
luat,2,995
mărite,2,996
împărate,2,997
orice,2,998
încerci,2,999
foc,2,1000
miai,2,1001
lucruri,2,1002
plecă,2,1003
caute,2,1004
acetia,2,1005
rou,2,1006
inea,2,1007
dragonii,2,1008
uor,2,1009
decât,2,1010
aceeai,2,1011
tocmai,2,1012
iei,2,1013
îmi,2,1014
zbura,2,1015
pot,2,1016
lua,2,1017
acord,2,1018
vom,2,1019
reuit,2,1020
pădurea,2,1021
magice,2,1022
pădure,2,1023
găsească,2,1024
copacului,2,1025
afla,2,1026
argintie,2,1027
apuce,2,1028
dea,2,1029
bufnie,2,1030
tiu,2,1031
poate,2,1032
treia,2,1033
lacul,2,1034
prins,2,1035
gheaă,2,1036
foame,2,1037
bufnia,2,1038
copac,2,1039
fâlfâit,2,1040
aripi,2,1041
lăsă,2,1042
zboare,2,1043
locuitorii,2,1044
fericii,2,1045
iam,2,1046
vam,2,1047
ora,2,1048
cări,2,1049
oraul,2,1050
cărilor,2,1051
tiau,2,1052
frai,2,1053
casei,2,1054
cutie,2,1055
interzisă,2,1056
camera,2,1057
curioasă,2,1058
seara,2,1059
stătea,2,1060
părea,2,1061
ua,2,1062
hai,2,1063
răspunde,2,1064
dimineaa,2,1065
repede,2,1066
povestesc,2,1067
ceva,2,1068
cheia,2,1069
bibliotecii,2,1070
amândoi,2,1071
minte,2,1072
urmând,2,1073
bună,2,1074
aici,2,1075
spuseră,2,1076
vorbea,2,1077
tie,2,1078
idee,2,1079
spune,2,1080
copiilor,2,1081
mulumim,2,1082
scoase,2,1083
deschide,2,1084
aventurile,2,1085
rămase,2,1086
ba,2,1087
drag,2,1088
animalele,2,1089
curajoasă,2,1090
petrecere,2,1091
veselie,2,1092
singură,2,1093
cal,2,1094
încălecă,2,1095
trecu,2,1096
văi,2,1097
păduri,2,1098
ruptă,2,1099
oboseală,2,1100
descălecă,2,1101
lacăt,2,1102
mâna,2,1103
indicat,2,1104
sperând,2,1105
duce,2,1106
plânse,2,1107
deschise,2,1108
ie,2,1109
hării,2,1110
pustiu,2,1111
veni,2,1112
arătă,2,1113
poieniă,2,1114
inima,2,1115
merseră,2,1116
înnoptă,2,1117
adoarmă,2,1118
aipească,2,1119
binior,2,1120
întuneric,2,1121
elibereze,2,1122
eliberă,2,1123
lipăit,2,1124
pomeni,2,1125
dă,2,1126
îî,2,1127
arătândui,2,1128
mulumind,2,1129
harta,2,1130
apa,2,1131
ajutor,2,1132
fântână,2,1133
lanternă,2,1134
întinse,2,1135
dispăru,2,1136
capătul,2,1137
pagina,2,1138
pornit,2,1139
neobosit,2,1140
apucă,2,1141
cumplită,2,1142
mărul,2,1143
cai,2,1144
sălbatici,2,1145
seamăn,2,1146
crestele,2,1147
munilor,2,1148
vară,2,1149
pânăn,2,1150
umbra,2,1151
trecătoare,2,1152
arbore,2,1153
călu,2,1154
convențional,1,1155
regiunii,1,1156
geografice,1,1157
locuit-o,1,1158
diferențele,1,1159
transformările,1,1160
politice,1,1161
dotat-o,1,1162
recunoașterea,1,1163
subiect,1,1164
sine,1,1165
stătător,1,1166
accepțiune,1,1167
restrânsă,1,1168
adică,1,1169
modern,1,1170
regatului,1,1171
formelor,1,1172
organizare,1,1173
intermediare,1,1174
evenimentelor,1,1175
formarea,1,1176
circa,1,1177
paleoliticul,1,1178
aurignaciene,1,1179
sosit,1,1180
estul,1,1181
orientul,1,1182
peștera,1,1183
anina,1,1184
rămășițe,1,1185
moderni,1,1186
fosilele,1,1187
indivizi,1,1188
numiți,1,1189
cercetători,1,1190
datate,1,1191
vechime,1,1192
calibrate,1,1193
pietrei,1,1194
reprezentată,1,1195
cuprinsul,1,1196
neolitic,1,1197
răspândită,1,1198
cucuteni,1,1199
civilizație,1,1200
reprezentat,1,1201
venirea,1,1202
agricultori,1,1203
sedentari,1,1204
păstori,1,1205
stepele,1,1206
nord-pontice,1,1207
neamuri,1,1208
prezenței,1,1209
hominizilor,1,1210
sprijinită,1,1211
valea,1,1212
dârjovului,1,1213
unelte,1,1214
prund,1,1215
așchii,1,1216
tăioase,1,1217
cremene,1,1218
dârjov,1,1219
toporașe,1,1220
bolovani,1,1221
silex,1,1222
cuarțit,1,1223
tehnica,1,1224
cioplire,1,1225
bifacială,1,1226
caracteristică,1,1227
abbevilliene,1,1228
vii-lea,1,1229
societatea,1,1230
cunoștea,1,1231
profunde,1,1232
transformări,1,1233
achiziții,1,1234
fundamentale,1,1235
agricultură,1,1236
meșteșuguri,1,1237
practici,1,1238
funerare,1,1239
spectaculoase,1,1240
aspecte,1,1241
noii,1,1242
societăți,1,1243
plasticii,1,1244
concretizată,1,1245
diversitate,1,1246
statuete,1,1247
antropomorfe,1,1248
zoomorfe,1,1249
materializări,1,1250
complexe,1,1251
vieți,1,1252
spirituale,1,1253
sacrului,1,1254
urme,1,1255
civilizații,1,1256
hamangia,1,1257
cultură,1,1258
mijlociu,1,1259
cărei,1,1260
evoluție,1,1261
plasează,1,1262
sud-estul,1,1263
bulgariei,1,1264
originară,1,1265
mediteranei,1,1266
curent,1,1267
culturile,1,1268
dudești,1,1269
karanovo,1,1270
simboluri,1,1271
culturi,1,1272
gînditorii,1,1273
descoperiți,1,1274
hartuchi,1,1275
necropolă,1,1276
cernavodă,1,1277
izvoarele,1,1278
uniuni,1,1279
tracice,1,1280
daco-getice,1,1281
charnabon,1,1282
v,1,1283
dromichaites,1,1284
seciv,1,1285
iii,1,1286
regilor,1,1287
oroles,1,1288
rubobostes,1,1289
daco-geții,1,1290
caracterizați,1,1291
viteji,1,1292
drepți,1,1293
traci,1,1294
centralizat,1,1295
actuala,1,1296
comună,1,1297
popești,1,1298
nucet,1,1299
giurgiu,1,1300
argessis,1,1301
argeș,1,1302
amplasată,1,1303
sud-vest,1,1304
capitale,1,1305
menționată,1,1306
antici,1,1307
hellis,1,1308
limitele,1,1309
carpații,1,1310
păduroși,1,1311
țărmul,1,1312
negre,1,1313
gurile,1,1314
bug,1,1315
haemus,1,1316
confluența,1,1317
morava,1,1318
dunărea,1,1319
granița,1,1320
slovaciei,1,1321
cehia,1,1322
austria,1,1323
cursul,1,1324
chiar,1,1325
dincolo,1,1326
amenința,1,1327
interesele,1,1328
implice,1,1329
conflictul,1,1330
pompei,1,1331
susținându-l,1,1332
iulius,1,1333
plănuit,1,1334
campanie,1,1335
împotriva,1,1336
soartă,1,1337
slujitorii,1,1338
sfetnic,1,1339
colaborator,1,1340
vastă,1,1341
erudiție,1,1342
iordanes,1,1343
regia,1,1344
orăștiei,1,1345
actualul,1,1346
grădiștea,1,1347
muncelului,1,1348
hunedoara,1,1349
n-v,1,1350
vechea,1,1351
capitală,1,1352
muntenia,1,1353
menținută,1,1354
i-au,1,1355
regii,1,1356
comosicus,1,1357
coryllus,1,1358
fiul,1,1359
nepot,1,1360
priceput,1,1361
iscusit,1,1362
dio,1,1363
cassius,1,1364
înfruntat,1,1365
bătălii,1,1366
cucerit,1,1367
momente,1,1368
lupte,1,1369
columna,1,1370
roma,1,1371
realizată,1,1372
acelor,1,1373
timpuri,1,1374
apolodor,1,1375
damasc,1,1376
realizator,1,1377
drobeta,1,1378
romanii,1,1379
azi,1,1380
teritorii,1,1381
organizate,1,1382
restul,1,1383
teritoriilor,1,1384
dace,1,1385
stăpânite,1,1386
conduși,1,1387
regi,1,1388
consemnați,1,1389
izvoare,1,1390
iv,1,1391
invaziile,1,1392
succesive,1,1393
determinat,1,1394
retragă,1,1395
prezență,1,1396
retragerii,1,1397
aureliene,1,1398
petrecută,1,1399
semnificat,1,1400
reașezare,1,1401
granițelor,1,1402
eficientă,1,1403
administrare,1,1404
provinciilor,1,1405
fluviului,1,1406
denumite,1,1407
ripensis,1,1408
mediterranea,1,1409
dioecesis,1,1410
complex,1,1411
compartimentele,1,1412
înlocuirea,1,1413
supuse,1,1414
factorii,1,1415
romanizării,1,1416
coloniștii,1,1417
urbanizarea,1,1418
religia,1,1419
impactul,1,1420
asupra,1,1421
autohtonilor,1,1422
factori,1,1423
asimilarea,1,1424
conștient,1,1425
nord-dunăreană,1,1426
romanizate,1,1427
exploata,1,1428
aurul,1,1429
apuseni,1,1430
sarea,1,1431
bazinul,1,1432
târnavelor,1,1433
vechile,1,1434
numărau,1,1435
sucidava,1,1436
dierna,1,1437
napoca,1,1438
porolissum,1,1439
locuitorilor,1,1440
vechilor,1,1441
ținuturile,1,1442
rurale,1,1443
migratoare,1,1444
întemeiat,1,1445
așezări,1,1446
teritoriu,1,1447
vast,1,1448
peninsulei,1,1449
balcanice,1,1450
liniile,1,1451
lingvistice,1,1452
propuse,1,1453
savanții,1,1454
skok,1,1455
jieek,1,1456
daciile,1,1457
sud-dunărene,1,1458
răsărit,1,1459
rol,1,1460
ținându-se,1,1461
cont,1,1462
prezența,1,1463
legiunilor,1,1464
unităților,1,1465
auxiliare,1,1466
aferenți,1,1467
dispersarea,1,1468
acestora,1,1469
configura,1,1470
apărarea,1,1471
latinei,1,1472
frontiera,1,1473
daco-dunăreană,1,1474
viața,1,1475
intensă,1,1476
prestigiul,1,1477
constituie,1,1478
principala,1,1479
explicație,1,1480
rapida,1,1481
cunosc,1,1482
cazuri,1,1483
asimilare,1,1484
limbi,1,1485
prestigiu,1,1486
normanzii,1,1487
debarcați,1,1488
nv-ul,1,1489
franței,1,1490
creștinați,1,1491
angliei,1,1492
bătăliei,1,1493
hastings,1,1494
vorbitori,1,1495
francezei,1,1496
anglo-saxonilor,1,1497
ceea,1,1498
franceza,1,1499
devenise,1,1500
maternă,1,1501
rinului,1,1502
esențial,1,1503
galiei,1,1504
legiunile,1,1505
renane,1,1506
concentrate,1,1507
limes-ul,1,1508
meusa,1,1509
rin,1,1510
mainz,1,1511
trier,1,1512
kln,1,1513
xantem,1,1514
regiune,1,1515
neromanică,1,1516
renania,1,1517
pannonia,1,1518
africa,1,1519
asia,1,1520
romanice,1,1521
singura,1,1522
limbă,1,1523
neolatină,1,1524
conservă,1,1525
vestigii,1,1526
limbajului,1,1527
castru,1,1528
sermo,1,1529
castrensis,1,1530
stabilit,1,1531
aparțin,1,1532
substratului,1,1533
autohtonpreroman,1,1534
întrucât,1,1535
participat,1,1536
fonetice,1,1537
r,1,1538
vocale,1,1539
salem,1,1540
sare,1,1541
scala,1,1542
scară,1,1543
solem,1,1544
mazăre,1,1545
mazăle,1,1546
modhull,1,1547
măgură,1,1548
măgulă,1,1549
albmagul,1,1550
viezure,1,1551
viezule,1,1552
vjedhull,1,1553
provenite,1,1554
tracicpreroman,1,1555
stratului,1,1556
sunetul,1,1557
intervocalic,1,1558
adstratul,1,1559
slav,1,1560
postroman,1,1561
milă,1,1562
mila,1,1563
silă,1,1564
sila,1,1565
pilă,1,1566
pila,1,1567
miră,1,1568
siră,1,1569
piră,1,1570
demonstrarea,1,1571
apartenenței,1,1572
autohton,1,1573
desființează,1,1574
irefutabil,1,1575
roesleriană,1,1576
intrării,1,1577
conviețuirea,1,1578
albanezii,1,1579
peninsula,1,1580
balcanică,1,1581
sincope,1,1582
postaureliene,1,1583
continuitatea,1,1584
refăcută,1,1585
unitatea,1,1586
dacică,1,1587
desființarea,1,1588
frontierei,1,1589
linia,1,1590
carpaților,1,1591
circulația,1,1592
nestingherită,1,1593
ambii,1,1594
versanți,1,1595
pătrund,1,1596
arcului,1,1597
daco-romanii,1,1598
trec,1,1599
refacerea,1,1600
unității,1,1601
dacice,1,1602
împiedicat,1,1603
continuarea,1,1604
practicarea,1,1605
neîntreruptă,1,1606
activități,1,1607
specifice,1,1608
sedentare,1,1609
desfășuat,1,1610
nomadismului,1,1611
transhumanței,1,1612
agricultura,1,1613
meșteșugurile,1,1614
exploatarea,1,1615
minereurilor,1,1616
folosirea,1,1617
lingua,1,1618
franca,1,1619
maluri,1,1620
împăraților,1,1621
dioclețian,1,1622
iustinian,1,1623
adevărată,1,1624
stăpânire,1,1625
răspândirea,1,1626
demonstrează,1,1627
ireversibilă,1,1628
substrat,1,1629
provin,1,1630
termenii,1,1631
biserică,1,1632
basilica,1,1633
domine,1,1634
vocativul,1,1635
dominus,1,1636
duminică,1,1637
dominica,1,1638
dies,1,1639
înger,1,1640
angelus,1,1641
secolele,1,1642
iv-vi,1,1643
autohtonii,1,1644
integrat,1,1645
definitiv,1,1646
orientală,1,1647
uitându-și,1,1648
inițială,1,1649
elementelor,1,1650
lucien,1,1651
musset,1,1652
centrale,1,1653
suabia,1,1654
privită,1,1655
părțile,1,1656
germanizate,1,1657
maghiarizate,1,1658
biserici,1,1659
hotărâtor,1,1660
termenul,1,1661
folosește,1,1662
extensie,1,1663
descrie,1,1664
operele,1,1665
vremea,1,1666
primilor,1,1667
mavrocordați,1,1668
brâncovenești,1,1669
mogoșoaia,1,1670
mănăstirii,1,1671
antim,1,1672
stavropoleos,1,1673
fosta,1,1674
mănăstire,1,1675
văcărești,1,1676
colțea,1,1677
kretzulescu,1,1678
mănăstirea,1,1679
hurezi,1,1680
ansamblul,1,1681
potlogi,1,1682
sursa,1,1683
arhitectural,1,1684
știrbei,1,1685
michel,1,1686
sanjouand,1,1687
etaj,1,1688
cariatide,1,1689
adăugat,1,1690
joseph,1,1691
hartmann,1,1692
neclasică,1,1693
dinainte,1,1694
domnia,1,1695
devenind,1,1696
răspândite,1,1697
timpului,1,1698
dorinței,1,1699
elitei,1,1700
poporul,1,1701
origine,1,1702
neoclasică,1,1703
șuțu,1,1704
fațada,1,1705
interioarele,1,1706
clasiciste,1,1707
tâmplărila,1,1708
geamurilor,1,1709
corpul,1,1710
universității,1,1711
fostele,1,1712
literaturii,1,1713
carol,1,1714
neoclasic,1,1715
albert,1,1716
galleron,1,1717
fellner,1,1718
helmer,1,1719
decorat,1,1720
mix,1,1721
neorococo,1,1722
manole,1,1723
edmond,1,1724
van,1,1725
saanen,1,1726
algi,1,1727
schimbat,1,1728
sistematizări,1,1729
masive,1,1730
casele,1,1731
umpleau,1,1732
ulițele,1,1733
occidentală,1,1734
stiluri,1,1735
vestice,1,1736
case-vagon,1,1737
universitară,1,1738
cercului,1,1739
cec,1,1740
băncii,1,1741
naționale,1,1742
bursei,1,1743
patriarhiei,1,1744
facultății,1,1745
universitatea,1,1746
începutului,1,1747
combină,1,1748
luate,1,1749
renascentiste,1,1750
baroce,1,1751
rococo,1,1752
deosebire,1,1753
făcea,1,1754
austro-ungar,1,1755
preferat,1,1756
exemplele,1,1757
combinații,1,1758
mița,1,1759
biciclista,1,1760
combinație,1,1761
neobaroc,1,1762
dianu,1,1763
craiova,1,1764
cazinoul,1,1765
studii,1,1766
străinătate,1,1767
pariziană,1,1768
construcțiile,1,1769
proiectele,1,1770
aspect,1,1771
eclectice,1,1772
francezi,1,1773
austrieci,1,1774
încercări,1,1775
brâncovenească,1,1776
stilului,1,1777
grigore,1,1778
cristofi,1,1779
ghica-budești,1,1780
cn,1,1781
câmpeanualfred,1,1782
gheorghiu,1,1783
neoromânească,1,1784
nănescu,1,1785
cămin,1,1786
ucenici,1,1787
muncii,1,1788
arad,1,1789
maurmauro-florentin,1,1790
ciulli,1,1791
tașcu,1,1792
scara,1,1793
nenciulescu,1,1794
finalizarea,1,1795
axei,1,1796
direcția,1,1797
nord-sud,1,1798
clădirilor,1,1799
moderniste,1,1800
raționale,1,1801
constă,1,1802
reduse,1,1803
esențe,1,1804
proporții,1,1805
forme,1,1806
clasice,1,1807
curente,1,1808
modă,1,1809
european,1,1810
neobrâncovenesc,1,1811
n,1,1812
socolescu,1,1813
naționalismului,1,1814
remarcabile,1,1815
bufetul,1,1816
șosea,1,1817
lucrărilor,1,1818
urmare,1,1819
instaurat,1,1820
impus,1,1821
forța,1,1822
uniunea,1,1823
sovietică,1,1824
intelectualității,1,1825
temnițele,1,1826
stalinismului,1,1827
mulți,1,1828
profesori,1,1829
g,1,1830
m,1,1831
importanți,1,1832
temniță,1,1833
grea,1,1834
moare,1,1835
eliberat,1,1836
abdicarea,1,1837
forțată,1,1838
alungarea,1,1839
copiere,1,1840
staliniste,1,1841
neoclasicism,1,1842
simplificat,1,1843
respectivul,1,1844
realism,1,1845
socialist,1,1846
reacție,1,1847
viziunea,1,1848
comuniștilor,1,1849
aparținea,1,1850
capitalismului,1,1851
putred,1,1852
destalinizarea,1,1853
începută,1,1854
lider,1,1855
gheorghiu-dej,1,1856
tipul,1,1857
bauhaus,1,1858
încearcă,1,1859
oarecare,1,1860
apropierea,1,1861
clasicistă-modernistă,1,1862
arhitecturi,1,1863
sala,1,1864
febrilitate,1,1865
cartiere,1,1866
întregi,1,1867
ridicate,1,1868
fulgerător,1,1869
ornamentare,1,1870
economiei,1,1871
centralizare,1,1872
arhitecturii,1,1873
funcționaliste,1,1874
lipsă,1,1875
arătând,1,1876
impune,1,1877
ridicarea,1,1878
capitalele,1,1879
județ,1,1880
centrelor,1,1881
civice,1,1882
hoteluri,1,1883
mamaia,1,1884
postbelic,1,1885
estetic,1,1886
construia,1,1887
lăzărescu,1,1888
et,1,1889
ovidiu,1,1890
necunoscuți,1,1891
excepția,1,1892
martie,1,1893
cutremur,1,1894
lovește,1,1895
murit,1,1896
răniți,1,1897
prăbușit,1,1898
pagube,1,1899
majore,1,1900
pretextul,1,1901
cutremurului,1,1902
demola,1,1903
dintr-un,1,1904
motiv,1,1905
altul,1,1906
incomode,1,1907
printr-un,1,1908
numea,1,1909
centrele,1,1910
multor,1,1911
gri,1,1912
anoste,1,1913
menționat,1,1914
vorba,1,1915
mahalale,1,1916
sărace,1,1917
solide,1,1918
întâmplându-se,1,1919
bacău,1,1920
botoșani,1,1921
ploiești,1,1922
suceava,1,1923
paralel,1,1924
delirul,1,1925
demolator,1,1926
atinge,1,1927
transformarea,1,1928
sens,1,1929
întregii,1,1930
țări,1,1931
rămâneau,1,1932
încep,1,1933
țărănești,1,1934
scunde,1,1935
niște,1,1936
cazărmi,1,1937
renovată,1,1938
corina,1,1939
dîndărean,1,1940
datorită,1,1941
revoluției,1,1942
pus,1,1943
capăt,1,1944
liberă,1,1945
pas,1,1946
vremii,1,1947
mărimea,1,1948
comenzilor,1,1949
arhitecturale,1,1950
schimbă,1,1951
fostul,1,1952
comandant,1,1953
proiecte,1,1954
gigantice,1,1955
individuali,1,1956
scena,1,1957
propriile,1,1958
cerințe,1,1959
așteptări,1,1960
mută,1,1961
preferând,1,1962
cartierele,1,1963
liniștite,1,1964
aglomerate,1,1965
speculei,1,1966
imobiliare,1,1967
dărâmate,1,1968
incendiate,1,1969
acoperișurile,1,1970
le-au,1,1971
deteriorate,1,1972
plouă,1,1973
înăutru,1,1974
grăbească,1,1975
prăbușirea,1,1976
respectivelor,1,1977
totuși,1,1978
neglijat,1,1979
restaurate,1,1980
proprietarilor,1,1981
confiscând-le,1,1982
abuziv,1,1983
regimului,1,1984
deschisă,1,1985
elegantul,1,1986
edificiu,1,1987
celebrei,1,1988
bancheri,1,1989
confiscatnaționalizat,1,1990
transformat,1,1991
magazinul,1,1992
recuperat,1,1993
reabilitat,1,1994
proprietarul,1,1995
domnul,1,1996
jean,1,1997
prinde,1,1998
printr-o,1,1999
amenajare,1,2000
inovatoare,1,2001
atentă,1,2002
substanța,1,2003
istorică,1,2004
semnată,1,2005
biroul,1,2006
square,1,2007
one,1,2008
librăria,1,2009
scurt,1,2010
atracție,1,2011
centrului,1,2012
turiști,1,2013
bucureșteni,1,2014
intersecția,1,2015
magheru,1,2016
bulevard,1,2017
eclectică,1,2018
belle,1,2019
poque,1,2020
patrimoniu,1,2021
transformate,1,2022
baruri,1,2023
magazine,1,2024
zonă,1,2025
predominant,1,2026
străzilor,1,2027
plantelor,1,2028
romano,1,2029
caracterizată,1,2030
sinteză,1,2031
întâlnire,1,2032
sud-est,1,2033
folclorul,1,2034
sinteze,1,2035
originalitatea,1,2036
constând,1,2037
modul,1,2038
îmbinare,1,2039
selectarea,1,2040
diferitelor,1,2041
migrat,1,2042
carpato-dunărean,1,2043
vecinătatea,1,2044
bulgaria,1,2045
serbia,1,2046
ucraina,1,2047
rusia,1,2048
grecilor,1,2049
bizantin,1,2050
protecție,1,2051
turcă,1,2052
fanar,1,2053
maghiari,1,2054
germanii,1,2055
trăiesc,1,2056
modernă,1,2057
ultimii,1,2058
puternică,1,2059
influență,1,2060
culturilor,1,2061
germană,1,2062
plus,1,2063
influența,1,2064
tradiției,1,2065
slavone,1,2066
singurul,1,2067
popor,1,2068
majoritar,1,2069
creștin,1,2070
ortodox,1,2071
principalul,1,2072
umanist,1,2073
nicolaus,1,2074
olahus,1,2075
umanismul,1,2076
filieră,1,2077
poloneză,1,2078
reprezentant,1,2079
miron,1,2080
costin,1,2081
cronică,1,2082
moldovei,1,2083
umaniști,1,2084
cantemir,1,2085
principalii,1,2086
reprezentanți,1,2087
iluminismului,1,2088
asachi,1,2089
budai,1,2090
deleanu,1,2091
dinicu,1,2092
golescu,1,2093
unirea,1,2094
principatelor,1,2095
impuls,1,2096
societății,1,2097
înalte,1,2098
școli,1,2099
existente,1,2100
întemeiate,1,2101
universități,1,2102
numărul,1,2103
sibiul,1,2104
nucleele,1,2105
tiparului,1,2106
răspândindu-se,1,2107
presa,1,2108
școlii,1,2109
ardelene,1,2110
promovat,1,2111
grafiei,1,2112
alfabet,1,2113
racordarea,1,2114
ideile,1,2115
impact,1,2116
literatura,1,2117
cercul,1,2118
junimea,1,2119
fondat,1,2120
grup,1,2121
criticului,1,2122
titu,1,2123
maiorescu,1,2124
revista,1,2125
convorbiri,1,2126
literare,1,2127
alții,1,2128
poetul,1,2129
luca,1,2130
picturii,1,2131
car,1,2132
boi,1,2133
galeria,1,2134
atingând,1,2135
nivelul,1,2136
maxim,1,2137
afirmare,1,2138
internațională,1,2139
armonie,1,2140
artist,1,2141
plastic,1,2142
artei,1,2143
mondiale,1,2144
sculptorul,1,2145
brâncuși,1,2146
figură,1,2147
artistice,1,2148
avangardă,1,2149
captărilor,1,2150
inovator,1,2151
sculptura,1,2152
mondială,1,2153
imersiunea,1,2154
primordiale,1,2155
creației,1,2156
populare,1,2157
proza,1,2158
activat,1,2159
romancierii,1,2160
liviu,1,2161
rebreanu,1,2162
sadoveanu,1,2163
camil,1,2164
petrescu,1,2165
dramaturgie,1,2166
talent,1,2167
sebastian,1,2168
lucia,1,2169
bulandra,1,2170
actrița,1,2171
reprezentativă,1,2172
revoluționară,1,2173
rosenthal,1,2174
poezia,1,2175
sincronizeze,1,2176
marea,1,2177
poezie,1,2178
însemnați,1,2179
poeți,1,2180
bacovia,1,2181
arghezi,1,2182
barbu,1,2183
tristan,1,2184
tzara,1,2185
dadaiste,1,2186
originar,1,2187
epoci,1,2188
filozofia,1,2189
figuri,1,2190
lucian,1,2191
blaga,1,2192
gusti,1,2193
vianu,1,2194
conta,1,2195
dominată,1,2196
marele,1,2197
erudit,1,2198
iorga,1,2199
introdus,1,2200
cenzură,1,2201
aspră,1,2202
control,1,2203
subordonare,1,2204
poporului,1,2205
libertatea,1,2206
exprimare,1,2207
constant,1,2208
restricționată,1,2209
căi,1,2210
scriitorii,1,2211
preda,1,2212
breban,1,2213
poeții,1,2214
nichita,1,2215
stănescu,1,2216
sorescu,1,2217
criticii,1,2218
literari,1,2219
manolescu,1,2220
simion,1,2221
consecință,1,2222
atitudinii,1,2223
elite,1,2224
diaspore,1,2225
adevărate,1,2226
incluzând,1,2227
palade,1,2228
laureat,1,2229
premiului,1,2230
nobel,1,2231
fiziologie,1,2232
eliade,1,2233
renumitul,1,2234
religiilor,1,2235
ionescu,1,2236
absurdului,1,2237
cioran,1,2238
membri,1,2239
remarcabili,1,2240
diasporei,1,2241
sergiu,1,2242
celibidache,1,2243
ionel,1,2244
perlea,1,2245
renumiți,1,2246
dirijori,1,2247
formată,1,2248
felurile,1,2249
tradițional,1,2250
geografic,1,2251
alcătuită,1,2252
categorii,1,2253
gustări,1,2254
calde,1,2255
reci,1,2256
supe,1,2257
ciorbe,1,2258
bazate,1,2259
vită,1,2260
garnituri,1,2261
deserturi,1,2262
aluat,1,2263
făină,1,2264
vecine,1,2265
bulgară,1,2266
greacă,1,2267
rusă,1,2268
ucraineană,1,2269
bucătarii,1,2270
împrumutat,1,2271
limitat,1,2272
ambasadorul,1,2273
tiberius,1,2274
flavius,1,2275
vizitat,1,2276
căruia,1,2277
servit,1,2278
fripte,1,2279
vițel,1,2280
calcan,1,2281
sălbatic,1,2282
miere,1,2283
vinuri,1,2284
tari,1,2285
pere,1,2286
struguri,1,2287
mere,1,2288
i-a,1,2289
daci,1,2290
barbari,1,2291
simple,1,2292
foloseau,1,2293
spanac,1,2294
semințe,1,2295
muștar,1,2296
mâncării,1,2297
consta,1,2298
terciuri,1,2299
hrișcă,1,2300
consumate,1,2301
ospețele,1,2302
fastuoase,1,2303
însoțeau,1,2304
înmormântările,1,2305
terciul,1,2306
coliva,1,2307
îmbogățită,1,2308
laptele,1,2309
ocupa,1,2310
remarcat,1,2311
smântână,1,2312
unt,1,2313
producția,1,2314
excelau,1,2315
consumatoare,1,2316
conservau,1,2317
alimentele,1,2318
afumare,1,2319
sărare,1,2320
conținut,1,2321
lintea,1,2322
mazărea,1,2323
usturoiul,1,2324
dulci,1,2325
strugurii,1,2326
merele,1,2327
zmeura,1,2328
capre,1,2329
vaci,1,2330
porci,1,2331
iepuri,1,2332
păsări,1,2333
sălbatice,1,2334
colonizarea,1,2335
spațiului,1,2336
diversificat,1,2337
plăcinta,1,2338
placenta,1,2339
împrumut,1,2340
coloniști,1,2341
umplută,1,2342
tipuri,1,2343
tocate,1,2344
săpăturile,1,2345
iveală,1,2346
vase,1,2347
lut,1,2348
țesturi,1,2349
testum,1,2350
aduse,1,2351
romani,1,2352
coceau,1,2353
pâine,1,2354
plăcinte,1,2355
cărbunii,1,2356
vatră,1,2357
amfore,1,2358
ulei,1,2359
măsline,1,2360
coasta,1,2361
mediterane,1,2362
regiunea,1,2363
olteniei,1,2364
țesturile,1,2365
migrațiilor,1,2366
timpurie,1,2367
iiixiii,1,2368
informațiile,1,2369
culinare,1,2370
migrației,1,2371
timpuriu,1,2372
extrem,1,2373
limitate,1,2374
izvoarelor,1,2375
provină,1,2376
obiceiul,1,2377
fezandării,1,2378
cărnurilor,1,2379
șa,1,2380
armatele,1,2381
călăreți,1,2382
stepa,1,2383
euroasiatică,1,2384
totodată,1,2385
originea,1,2386
ciorbei,1,2387
populațiile,1,2388
stabilite,1,2389
consolidează,1,2390
transhumanță,1,2391
migrația,1,2392
sezonieră,1,2393
animale,1,2394
vite,1,2395
munților,1,2396
xiiixvi,1,2397
depindeau,1,2398
statutul,1,2399
economic,1,2400
social,1,2401
săraci,1,2402
consumau,1,2403
mălai,1,2404
eventual,1,2405
ceapă,1,2406
păsările,1,2407
sacrificate,1,2408
zilele,1,2409
sărbătoare,1,2410
ocazii,1,2411
speciale,1,2412
familie,1,2413
bogați,1,2414
puteau,1,2415
producă,1,2416
țină,1,2417
afumată,1,2418
claselor,1,2419
sociale,1,2420
bogate,1,2421
externe,1,2422
ciorba,1,2423
împrumutată,1,2424
bulgari,1,2425
sârbi,1,2426
curțile,1,2427
epocii,1,2428
xviixviii,1,2429
state,1,2430
vasale,1,2431
obligate,1,2432
plata,1,2433
tributului,1,2434
alimente,1,2435
contextul,1,2436
politic,1,2437
răspândit,1,2438
cultivarea,1,2439
nedorit,1,2440
sublima,1,2441
poartă,1,2442
consum,1,2443
intern,1,2444
trimise,1,2445
export,1,2446
solicitărilor,1,2447
istanbulului,1,2448
țărilor,1,2449
li,1,2450
trimite,1,2451
ovine,1,2452
porcilor,1,2453
popularitate,1,2454
turcilor,1,2455
musulmani,1,2456
nefiindu-le,1,2457
consume,1,2458
conturează,1,2459
calendarul,1,2460
zilelor,1,2461
post,1,2462
sarmalele,1,2463
umplute,1,2464
nuci,1,2465
păsat,1,2466
saramurile,1,2467
plante,1,2468
rădăcinoase,1,2469
chiftelele,1,2470
icrele,1,2471
suzeranitate,1,2472
otomană,1,2473
gastronomia,1,2474
orient,1,2475
întâi,1,2476
câmpia,1,2477
existat,1,2478
arabe,1,2479
turcești,1,2480
grecești,1,2481
armenești,1,2482
valuri,1,2483
respective,1,2484
țările,1,2485
creat,1,2486
obiceiuri,1,2487
introduse,1,2488
pilaful,1,2489
ciulamaua,1,2490
tuslamaua,1,2491
tocana,1,2492
musaca,1,2493
dulciuri,1,2494
baclavaua,1,2495
halvaua,1,2496
muhalebiul,1,2497
adoptat,1,2498
absente,1,2499
momentș,1,2500
vinete,1,2501
roșii,1,2502
ardei,1,2503
verzi,1,2504
galbeni,1,2505
gutui,1,2506
folosite,1,2507
înstăriți,1,2508
produce,1,2509
zacuscă,1,2510
româneasca,1,2511
evoluat,1,2512
suficient,1,2513
xviii-lea,1,2514
organizau,1,2515
ospețe,1,2516
băuturi,1,2517
alcoolice,1,2518
aromate,1,2519
cafea,1,2520
narghilea,1,2521
fanariotă,1,2522
tradițională,1,2523
mânăstirească,1,2524
dezvoltă,1,2525
rurală,1,2526
opoziție,1,2527
urbană,1,2528
boierilor,1,2529
cărți,1,2530
xvii,1,2531
xviii,1,2532
tipărită,1,2533
scrisă,1,2534
sofia,1,2535
tofeus,1,2536
tradusă,1,2537
numele,1,2538
cărticica,1,2539
meseriei,1,2540
bucătar,1,2541
conținea,1,2542
pătura,1,2543
numără,1,2544
sarmale,1,2545
respectivă,1,2546
familiile,1,2547
circulat,1,2548
manuscris,1,2549
nedatat,1,2550
intitulat,1,2551
întru,1,2552
scriu,1,2553
mâncările,1,2554
raci,1,2555
stridii,1,2556
melci,1,2557
legumi,1,2558
erburi,1,2559
mâncări,1,2560
dulce,1,2561
dupre,1,2562
orânduiala,1,2563
terminat,1,2564
cândva,1,2565
manuscrisul,1,2566
deschiderea,1,2567
liberalizarea,1,2568
revoluția,1,2569
să-și,1,2570
recapete,1,2571
vigoarea,1,2572
diversitatea,1,2573
dinaintea,1,2574
recăpătat,1,2575
apreciere,1,2576
meselor,1,2577
prevalentă,1,2578
fostului,1,2579
concomitent,1,2580
redescoperirea,1,2581
repopularizarea,1,2582
tradiții,1,2583
inventate,1,2584
consumul,1,2585
iahniei,1,2586
fasole,1,2587
ciolan,1,2588
neobișnuit,1,2589
xxi-lea,1,2590
fenomenul,1,2591
adesea,1,2592
denumit,1,2593
noua,1,2594
bucătărie,1,2595
alcătuit,1,2596
chefi,1,2597
mișcărilor,1,2598
nouvelle,1,2599
cuisine,1,2600
franța,1,2601
new,1,2602
nordic,1,2603
scandinavia,1,2604
rupere,1,2605
reintroducerea,1,2606
urzica,1,2607
leurda,1,2608
florile,1,2609
salcâm,1,2610
castanele,1,2611
promovarea,1,2612
minoritare,1,2613
reinterpretarea,1,2614
monument,1,2615
arhitectonic,1,2616
situat,1,2617
pasul,1,2618
bran-rucăr,1,2619
kilometri,1,2620
document,1,2621
emis,1,2622
noiembrie,1,2623
zvolen,1,2624
confirmă,1,2625
sașilor,1,2626
totaque,1,2627
communitas,1,2628
saxonum,1,2629
sedis,1,2630
brassouiensis,1,2631
ridica,1,2632
conform,1,2633
promisiunii,1,2634
cheltuiala,1,2635
meșterii,1,2636
promiserunt,1,2637
novum,1,2638
castrum,1,2639
lapide,1,2640
tydrici,1,2641
edificare,1,2642
ocazie,1,2643
promite,1,2644
brașovenilor,1,2645
mâinile,1,2646
noastre,1,2647
rucăr,1,2648
ruffa,1,2649
arbor,1,2650
referința,1,2651
textul,1,2652
documentului,1,2653
privire,1,2654
deducția,1,2655
fortificația,1,2656
edificată,1,2657
precedată,1,2658
întăritură,1,2659
graniță,1,2660
lemn,1,2661
cavalerii,1,2662
teutoni,1,2663
atribuită,1,2664
magistrului,1,2665
theodorikus,1,2666
xiii-lea,1,2667
cetății,1,2668
supus,1,2669
jurisdicției,1,2670
comitatului,1,2671
alba,1,2672
iulia,1,2673
luxemburg,1,2674
german,1,2675
incursiune,1,2676
îndepărtat,1,2677
voievodul,1,2678
vlad,1,2679
uzurpatorul,1,2680
rivalul,1,2681
bătrân,1,2682
vasalul,1,2683
acordă,1,2684
castelelor,1,2685
bologa,1,2686
branul,1,2687
rămâne,1,2688
autoritatea,1,2689
scaunului,1,2690
coroanei,1,2691
finanțat,1,2692
lucrările,1,2693
fortificare,1,2694
extindere,1,2695
branului,1,2696
închiriată,1,2697
regalitatea,1,2698
inițiativa,1,2699
primarului,1,2700
karl,1,2701
ernst,1,2702
schnell,1,2703
consiliul,1,2704
orășenesc,1,2705
donat,1,2706
semn,1,2707
recunoștință,1,2708
contribuția,1,2709
marii,1,2710
uniri,1,2711
moartea,1,2712
moștenit,1,2713
căsătorită,1,2714
anton,1,2715
membru,1,2716
imperiale,1,2717
întors,1,2718
înființat,1,2719
spital,1,2720
victimele,1,2721
naționalizat,1,2722
vizitelor,1,2723
amenajat,1,2724
feudală,1,2725
lucrare,1,2726
finalizată,1,2727
linii,1,2728
reintră,1,2729
circuitul,1,2730
turistic,1,2731
proceduri,1,2732
juridice,1,2733
retrocedat,1,2734
legal,1,2735
administra,1,2736
tranzitoriu,1,2737
următorii,1,2738
elisabeta,1,2739
inițial,1,2740
construcție,1,2741
forma,1,2742
patrulater,1,2743
neregulat,1,2744
suferit,1,2745
numeroase,1,2746
modificări,1,2747
adăugarea,1,2748
turnului,1,2749
principelui,1,2750
gabriel,1,2751
bethlen,1,2752
turn,1,2753
dreptunghiular,1,2754
acoperișul,1,2755
țiglănecesită,1,2756
citare,1,2757
reședință,1,2758
regală,1,2759
lucrări,1,2760
situează,1,2761
șoseaua,1,2762
pornește,1,2763
cartier,1,2764
bartolomeu,1,2765
leagă,1,2766
câmpulung,1,2767
construit,1,2768
stâncă,1,2769
într-un,1,2770
strategic,1,2771
expuse,1,2772
colecții,1,2773
mobilier,1,2774
costume,1,2775
arme,1,2776
armuri,1,2777
parcul,1,2778
lacuri,1,2779
ceai,1,2780
administratorului,1,2781
revendicat,1,2782
surorile,1,2783
elisabeth,1,2784
moștenitorii,1,2785
proprietarii,1,2786
domeniului,1,2787
decizii,1,2788
guvernamentale,1,2789
administrarea,1,2790
retrocedării,1,2791
dispus,1,2792
mutarea,1,2793
colecțiilor,1,2794
remobilat,1,2795
obiecte,1,2796
colecția,1,2797
personală,1,2798
oficială,1,2799
sediu,1,2800
găzduit,1,2801
str,1,2802
aurel,1,2803
stoian,1,2804
academie,1,2805
tehnică,1,2806
înființată,1,2807
aprilie,1,2808
facultăți,1,2809
cracovia,1,2810
contingent,1,2811
studenți,1,2812
studiile,1,2813
facultăților,1,2814
geoinginerie,1,2815
metalelor,1,2816
industrială,1,2817
electrotehnică,1,2818
automatică,1,2819
inginerie,1,2820
biomedicală,1,2821
electronică,1,2822
telecomunicații,1,2823
mecanică,1,2824
robotică,1,2825
geologie,1,2826
geofizică,1,2827
protecția,1,2828
geodezie,1,2829
minieră,1,2830
materialelor,1,2831
ceramicii,1,2832
metale,1,2833
neferoase,1,2834
foraj,1,2835
petrol,1,2836
gaze,1,2837
management,1,2838
energie,1,2839
combustibili,1,2840
fizică,1,2841
matematică,1,2842
științe,1,2843
umaniste,1,2844
ivanciu,1,2845
întindea,1,2846
magnificul,1,2847
înconjurat,1,2848
nenumărate,1,2849
locuiau,1,2850
lebedele,1,2851
veneau,1,2852
peitori,1,2853
prinesa,1,2854
puini,1,2855
credeau,1,2856
adevăraii,1,2857
părini,1,2858
castaniu,1,2859
împletit,1,2860
parfumate,1,2861
lăsa,1,2862
liber,1,2863
buclele,1,2864
revărsau,1,2865
căprui,1,2866
reflectau,1,2867
gingăia,1,2868
buzele,1,2869
trandafirii,1,2870
pară,1,2871
zână,1,2872
voia,1,2873
cunune,1,2874
cineva,1,2875
bunătate,1,2876
cinste,1,2877
rari,1,2878
reuise,1,2879
convingă,1,2880
băiat,1,2881
sărac,1,2882
auzise,1,2883
fermecătoarea,1,2884
prezentă,1,2885
castel,1,2886
străjerii,1,2887
râdă,1,2888
văzândul,1,2889
ponosit,1,2890
spună,1,2891
plece,1,2892
ruine,1,2893
ridicândui,1,2894
seme,1,2895
stare,1,2896
binevoieti,1,2897
mio,1,2898
dai,1,2899
băiete,1,2900
eti,1,2901
sigur,1,2902
treci,1,2903
probe,1,2904
ceilali,1,2905
aduci,1,2906
dragonului,1,2907
apune,1,2908
tăia,1,2909
uitânduse,1,2910
prinesei,1,2911
hotărat,1,2912
aduce,1,2913
cerut,1,2914
ajute,1,2915
surâse,1,2916
viclean,1,2917
dorea,1,2918
bogat,1,2919
lume,1,2920
raze,1,2921
petera,1,2922
dormeau,1,2923
profund,1,2924
dragon,1,2925
aprins,1,2926
gheare,1,2927
rubin,1,2928
strecură,1,2929
grijă,1,2930
adormii,1,2931
atent,1,2932
păească,1,2933
fulg,1,2934
dragonul,1,2935
micare,1,2936
rapidă,1,2937
piatra,1,2938
preioasă,1,2939
înlocui,1,2940
obinuită,1,2941
mărime,1,2942
pleca,1,2943
voce,1,2944
tunet,1,2945
cine,1,2946
crezi,1,2947
tu,1,2948
muritorule,1,2949
intri,1,2950
putem,1,2951
schimb,1,2952
lai,1,2953
iau,1,2954
oriunde,1,2955
suntei,1,2956
obligai,1,2957
stai,1,2958
omule,1,2959
îneli,1,2960
împărăia,1,2961
ta,1,2962
mulumit,1,2963
bufniele,1,2964
fiine,1,2965
cuiburile,1,2966
copacii,1,2967
vârfurile,1,2968
pierdeau,1,2969
nori,1,2970
ciulind,1,2971
urechile,1,2972
strigătul,1,2973
sfâietor,1,2974
părăsise,1,2975
sperana,1,2976
atepta,1,2977
răbdătoare,1,2978
vulpe,1,2979
clătină,1,2980
alergă,1,2981
suflet,1,2982
prinse,1,2983
atingă,1,2984
ajungă,1,2985
ghearele,1,2986
vulpii,1,2987
izgoni,1,2988
vulpea,1,2989
mamei,1,2990
crăpă,1,2991
delicat,1,2992
mulumesc,1,2993
salvat,1,2994
moarte,1,2995
dăruiesc,1,2996
magic,1,2997
tii,1,2998
ajuta,1,2999
ultima,1,3000
probă,1,3001
odihnetete,1,3002
asta,1,3003
meu,1,3004
păzi,1,3005
pericol,1,3006
crescuse,1,3007
mama,1,3008
puse,1,3009
săcule,1,3010
piele,1,3011
gât,1,3012
oglindeai,1,3013
ademenea,1,3014
rămâneai,1,3015
înăuntrul,1,3016
plutea,1,3017
gâtele,1,3018
penele,1,3019
foneau,1,3020
metalic,1,3021
deplasa,1,3022
aluneca,1,3023
fină,1,3024
oglindă,1,3025
vorbească,1,3026
gâscă,1,3027
dragă,1,3028
dămi,1,3029
mie,1,3030
rogute,1,3031
schimbul,1,3032
dori,1,3033
boabe,1,3034
părăsi,1,3035
simt,1,3036
holdele,1,3037
aurii,1,3038
merg,1,3039
aduc,1,3040
rog,1,3041
apropii,1,3042
întorc,1,3043
trunchiul,1,3044
ateptă,1,3045
întoarcerea,1,3046
bufniei,1,3047
făcuse,1,3048
temea,1,3049
apună,1,3050
boabele,1,3051
cădeau,1,3052
suprafaa,1,3053
lacului,1,3054
mulumită,1,3055
gâsca,1,3056
fugă,1,3057
iată,1,3058
cuvinte,1,3059
avu,1,3060
io,1,3061
oie,1,3062
promisiunea,1,3063
dragoni,1,3064
nunta,1,3065
participară,1,3066
vietăile,1,3067
uite,1,3068
trăit,1,3069
aron,1,3070
ghiă,1,3071
isabella,1,3072
văzuseră,1,3073
considerau,1,3074
exista,1,3075
clădire,1,3076
părăsită,1,3077
conducătorii,1,3078
bibliotecile,1,3079
fiindule,1,3080
teamă,1,3081
ali,1,3082
lear,1,3083
puterea,1,3084
lectură,1,3085
devin,1,3086
inteligeni,1,3087
conteste,1,3088
netiind,1,3089
cărora,1,3090
plăcea,1,3091
descopere,1,3092
aventură,1,3093
trimii,1,3094
bunicii,1,3095
curee,1,3096
podul,1,3097
observat,1,3098
col,1,3099
camerei,1,3100
prăfuită,1,3101
curiozitatea,1,3102
făcuto,1,3103
ziare,1,3104
articole,1,3105
băgat,1,3106
ghiozdan,1,3107
investiga,1,3108
fraii,1,3109
coborât,1,3110
căutat,1,3111
informaii,1,3112
următoarea,1,3113
legătură,1,3114
decis,1,3115
întrebe,1,3116
colegii,1,3117
colegilor,1,3118
mici,1,3119
măcar,1,3120
văzând,1,3121
bătută,1,3122
coatele,1,3123
pervazul,1,3124
geamului,1,3125
absorbită,1,3126
apusul,1,3127
observă,1,3128
destul,1,3129
înfricoătoare,1,3130
semăna,1,3131
coboară,1,3132
înaintează,1,3133
pereii,1,3134
afie,1,3135
litere,1,3136
încuiată,1,3137
masă,1,3138
strigă,1,3139
bunica,1,3140
imediat,1,3141
cină,1,3142
duseră,1,3143
culcare,1,3144
avusese,1,3145
ciudat,1,3146
tulburată,1,3147
trezetete,1,3148
poftim,1,3149
întâmpla,1,3150
tău,1,3151
păi,1,3152
intrăm,1,3153
mea,1,3154
amintiri,1,3155
copilărie,1,3156
deschiso,1,3157
poezii,1,3158
eram,1,3159
plan,1,3160
adeverete,1,3161
ajuni,1,3162
deschid,1,3163
cutia,1,3164
văd,1,3165
plic,1,3166
colul,1,3167
desfăcu,1,3168
traversat,1,3169
cealaltă,1,3170
ajungând,1,3171
biblioteci,1,3172
buzunar,1,3173
încercat,1,3174
totul,1,3175
grăbită,1,3176
exemplul,1,3177
surorii,1,3178
mers,1,3179
b,1,3180
aflu,1,3181
da,1,3182
cările,1,3183
minunate,1,3184
uitate,1,3185
aruncate,1,3186
conducătorilor,1,3187
adulilor,1,3188
implică,1,3189
treaba,1,3190
voastră,1,3191
convingei,1,3192
adulii,1,3193
redeschidă,1,3194
încerca,1,3195
răsputeri,1,3196
promitem,1,3197
următoarele,1,3198
ideea,1,3199
vrând,1,3200
citeti,1,3201
organizăm,1,3202
petiie,1,3203
semnăturilor,1,3204
oraului,1,3205
strigăt,1,3206
bucurie,1,3207
gândit,1,3208
facem,1,3209
reuita,1,3210
discutară,1,3211
nor,1,3212
fum,1,3213
apărură,1,3214
treabă,1,3215
excelentă,1,3216
neai,1,3217
ajutat,1,3218
vrea,1,3219
dăruim,1,3220
cadou,1,3221
nemaivăzute,1,3222
fiecare,1,3223
apărea,1,3224
autorii,1,3225
dispărură,1,3226
fumul,1,3227
straniu,1,3228
păaniile,1,3229
revedere,1,3230
dragi,1,3231
cititori,1,3232
andreea,1,3233
teodora,1,3234
matei,1,3235
împărăteasă,1,3236
câiva,1,3237
meleaguri,1,3238
străine,1,3239
alungai,1,3240
hapsîn,1,3241
visă,1,3242
chemă,1,3243
copil,1,3244
mut,1,3245
uimire,1,3246
bucură,1,3247
gândul,1,3248
sprijin,1,3249
bătrânee,1,3250
născu,1,3251
fetiă,1,3252
puteai,1,3253
uita,1,3254
dânsa,1,3255
numiră,1,3256
amintească,1,3257
locurile,1,3258
natale,1,3259
fetia,1,3260
crescu,1,3261
înconjurată,1,3262
îngrijea,1,3263
iubea,1,3264
admirată,1,3265
curtenii,1,3266
înaltă,1,3267
brunetă,1,3268
pielea,1,3269
albă,1,3270
abanosul,1,3271
prefera,1,3272
joace,1,3273
lungă,1,3274
îngrijorată,1,3275
sensibilitatea,1,3276
singurătatea,1,3277
fetei,1,3278
spera,1,3279
deveni,1,3280
împlini,1,3281
invită,1,3282
prieteni,1,3283
tristă,1,3284
îngândurată,1,3285
grajdurile,1,3286
împărăteti,1,3287
ageră,1,3288
grăjdarul,1,3289
căl,1,3290
poruncise,1,3291
nul,1,3292
încalece,1,3293
încălecase,1,3294
tatăsău,1,3295
tineree,1,3296
departe,1,3297
sănătoasa,1,3298
galop,1,3299
grajduri,1,3300
obstacole,1,3301
întâlnea,1,3302
încercară,1,3303
tinerii,1,3304
săl,1,3305
oprească,1,3306
înduplecat,1,3307
dealuri,1,3308
coline,1,3309
străbătu,1,3310
întunecate,1,3311
picior,1,3312
neumblate,1,3313
peteri,1,3314
zdruncinare,1,3315
închis,1,3316
argintiu,1,3317
paginile,1,3318
încercă,1,3319
caracterele,1,3320
semănau,1,3321
renună,1,3322
sfătui,1,3323
bage,1,3324
urechea,1,3325
dreaptă,1,3326
desagă,1,3327
deale,1,3328
gurii,1,3329
ospătă,1,3330
pornească,1,3331
acasă,1,3332
dezlega,1,3333
taina,1,3334
cării,1,3335
cufărului,1,3336
recunoscu,1,3337
ipenie,1,3338
inuturile,1,3339
acelea,1,3340
adormi,1,3341
răsărise,1,3342
urcase,1,3343
sulie,1,3344
cer,1,3345
continue,1,3346
indiciile,1,3347
vreo,1,3348
aezare,1,3349
mlatini,1,3350
abrupte,1,3351
deznădăjduită,1,3352
înnopteze,1,3353
frântă,1,3354
sufletul,1,3355
zdrobit,1,3356
frică,1,3357
dor,1,3358
începu,1,3359
plângă,1,3360
fonet,1,3361
privi,1,3362
jur,1,3363
zarea,1,3364
stele,1,3365
plăpânde,1,3366
fonetul,1,3367
iarbă,1,3368
rătăcit,1,3369
palme,1,3370
ocroti,1,3371
apropiere,1,3372
aricioaica,1,3373
stejar,1,3374
noduros,1,3375
stins,1,3376
ramurile,1,3377
bătaie,1,3378
înspăimântată,1,3379
agăat,1,3380
crengi,1,3381
putere,1,3382
strâmtoare,1,3383
zbor,1,3384
mamabufniă,1,3385
pre,1,3386
trestie,1,3387
plângătoare,1,3388
mal,1,3389
avansa,1,3390
înot,1,3391
mamacastor,1,3392
părinii,1,3393
mergând,1,3394
gândurile,1,3395
ghem,1,3396
pierde,1,3397
poteca,1,3398
sus,1,3399
aternu,1,3400
ceaă,1,3401
tai,1,3402
cuitul,1,3403
alta,1,3404
lan,1,3405
lung,1,3406
trap,1,3407
răsuflă,1,3408
uurată,1,3409
potecă,1,3410
bucuria,1,3411
durată,1,3412
imensităi,1,3413
albastre,1,3414
studie,1,3415
continua,1,3416
apă,1,3417
oftă,1,3418
rărunchii,1,3419
construiască,1,3420
dig,1,3421
mulime,1,3422
castori,1,3423
lipăiau,1,3424
zor,1,3425
construiră,1,3426
pietre,1,3427
pode,1,3428
traversară,1,3429
bătrânel,1,3430
trist,1,3431
obosit,1,3432
misterul,1,3433
bătrânul,1,3434
povesti,1,3435
legendă,1,3436
ascunsă,1,3437
citită,1,3438
luminată,1,3439
aflată,1,3440
cărui,1,3441
fermecat,1,3442
bătrânelul,1,3443
somn,1,3444
adânc,1,3445
străveziu,1,3446
ireal,1,3447
minuscul,1,3448
mulumi,1,3449
ariciului,1,3450
clipi,1,3451
nerăbdătoare,1,3452
cufărul,1,3453
măr,1,3454
nefiresc,1,3455
lichid,1,3456
pieptăn,1,3457
dinii,1,3458
lumină,1,3459
dău,1,3460
cen,1,3461
goană,1,3462
reuete,1,3463
saducăn,1,3464
judecând,1,3465
cual,1,3466
inimii,1,3467
cântar,1,3468
vezi,1,3469
transformă,1,3470
cenuă,1,3471
nedumerită,1,3472
mănânce,1,3473
alerga,1,3474
izgonească,1,3475
făcuseră,1,3476
prăpăd,1,3477
urmele,1,3478
frumusee,1,3479
elegană,1,3480
coborî,1,3481
unuia,1,3482
coama,1,3483
herghelie,1,3484
sătenii,1,3485
mulumire,1,3486
ospătară,1,3487
găzduiră,1,3488
deasă,1,3489
sete,1,3490
culcat,1,3491
cerb,1,3492
mângâie,1,3493
blând,1,3494
lichidul,1,3495
corniele,1,3496
aplecă,1,3497
limpede,1,3498
înfricoă,1,3499
seama,1,3500
pieptănase,1,3501
îngrozitor,1,3502
pieptene,1,3503
oiă,1,3504
prinsă,1,3505
gard,1,3506
pieptănă,1,3507
blănia,1,3508
pieptănul,1,3509
reui,1,3510
energic,1,3511
ajuns,1,3512
drumului,1,3513
vedea,1,3514
conduse,1,3515
versani,1,3516
întâlni,1,3517
spiridu,1,3518
opăia,1,3519
cântând,1,3520
mergi,1,3521
vei,1,3522
ontrebare,1,3523
acceptă,1,3524
spiriduul,1,3525
carel,1,3526
avem,1,3527
unii,1,3528
viaă,1,3529
util,1,3530
dimineaă,1,3531
rămânem,1,3532
nicio,1,3533
necheză,1,3534
versurile,1,3535
făcută,1,3536
scrum,1,3537
ărână,1,3538
răspunsul,1,3539
evident,1,3540
citea,1,3541
literă,1,3542
fiecărui,1,3543
vers,1,3544
curaj,1,3545
spiriduului,1,3546
făcu,1,3547
nevăzut,1,3548
dete,1,3549
niel,1,3550
odihnească,1,3551
oleacă,1,3552
stând,1,3553
fură,1,3554
somnul,1,3555
apăru,1,3556
zâna,1,3557
zorilor,1,3558
neasemuit,1,3559
scorbura,1,3560
înalt,1,3561
comoara,1,3562
căutată,1,3563
trezi,1,3564
brusc,1,3565
uria,1,3566
băgă,1,3567
scorbură,1,3568
descoperi,1,3569
sculptat,1,3570
sidef,1,3571
frumos,1,3572
strâns,1,3573
piept,1,3574
fericită,1,3575
îneles,1,3576
descoperise,1,3577
curajul,1,3578
trăite,1,3579
făcură,1,3580
încrezătoare,1,3581
întoarcere,1,3582
oia,1,3583
cerbul,1,3584
herghelia,1,3585
ajutato,1,3586
potecile,1,3587
uoare,1,3588
rapid,1,3589
văzândo,1,3590
dădură,1,3591
pomină,1,3592
inură,1,3593
trăiră,1,3594
acelei,1,3595
împărăii,1,3596
văzut,1,3597
bucatele,1,3598
alese,1,3599
straiele,1,3600
domneti,1,3601
na,1,3602
tiut,1,3603
peun,1,3604
basm,1,3605
original,1,3606
pun,1,3607
mărăcine,1,3608
oriicine,1,3609
